date,symbol,open,high,low,close,volume
2026-04-28,RBLX,57.06,58.89,55.92,56.11,6501456
2026-04-28,U,26.21,27.30,26.11,26.54,10238183
2026-04-29,RBLX,55.65,56.89,53.91,56.28,7028545
2026-04-29,U,26.22,26.2575,25.32,26.11,7043052
2026-04-30,RBLX,55.71,56.82,54.91,55.26,23970795
2026-04-30,U,26.10,26.455,25.14,26.42,7298070
2026-05-01,RBLX,42.38,47.4383,41.75,45.13,53403932
2026-05-01,U,26.95,27.60,26.70,27.13,9201024
2026-05-04,RBLX,44.92,48.43,44.60,47.57,17674462
2026-05-04,U,27.41,28.25,27.005,27.72,10808099
2026-05-05,RBLX,47.13,47.58,43.50,44.04,18962209
2026-05-05,U,27.99,28.1499,27.00,27.34,8313814
2026-05-06,RBLX,44.21,44.64,43.36,43.76,13990658
2026-05-06,U,27.13,27.545,26.63,27.28,14524759
2026-05-07,RBLX,44.29,45.98,44.17,44.78,10619796
2026-05-07,U,29.86,30.65,26.33,26.73,32802150
2026-05-08,RBLX,44.13,44.489,41.66,41.91,17103399
2026-05-08,U,26.495,28.18,25.81,28.16,17315070
2026-05-11,RBLX,41.265,42.38,40.95,41.31,14348983
2026-05-11,U,27.93,28.34,26.05,26.87,14314432
2026-05-12,RBLX,42.04,43.4758,41.455,41.54,14013526
2026-05-12,U,26.75,27.41,26.34,26.84,8529208
2026-05-13,RBLX,41.12,42.24,40.15,41.96,10781331
2026-05-13,U,26.82,27.06,25.76,26.89,6589227
2026-05-14,RBLX,42.05,43.94,41.3104,43.72,10278587
2026-05-14,U,26.97,27.715,26.52,27.28,7991001
2026-05-15,RBLX,43.79,44.19,42.07,42.85,11437546
2026-05-15,U,26.99,27.855,26.7001,27.16,12560496
2026-05-18,RBLX,42.82,47.5999,42.65,46.98,16138535
2026-05-18,U,27.22,28.10,26.495,26.80,9058409
2026-05-19,RBLX,47.08,47.53,43.88,44.45,14107954
2026-05-19,U,27.025,27.2901,25.2106,26.20,9352284
2026-05-20,RBLX,45.20,45.965,43.7836,45.79,12049283
2026-05-20,U,26.44,26.65,25.4505,26.23,6718181
2026-05-21,RBLX,45.24,46.93,44.934,46.14,9000957
2026-05-21,U,25.775,26.13,25.29,25.54,6670845
2026-05-22,RBLX,46.36,48.37,46.36,48.16,10135642
2026-05-22,U,25.72,26.58,25.0003,25.57,7797676
2026-05-26,RBLX,48.25,48.53,44.90,46.00,12287165
2026-05-26,U,26.72,27.6784,26.65,26.77,17107498
2026-05-27,RBLX,45.88,46.95,45.61,45.63,8353072
2026-05-27,U,26.74,28.27,26.52,27.76,9423150
2026-05-28,RBLX,45.765,47.67,45.4097,46.83,9266866
2026-05-28,U,27.45,30.095,27.312,29.94,14184192
2026-05-29,RBLX,46.52,47.84,46.24,47.15,11055253
2026-05-29,U,30.04,30.91,29.44,30.47,9723526
2026-06-01,RBLX,47.76,47.99,45.83,47.00,10221909
2026-06-01,U,31.54,32.575,30.61,32.17,14790863
2026-06-02,RBLX,46.87,48.00,44.35,45.00,9087304
2026-06-02,U,31.92,31.94,30.405,30.77,10143923
2026-06-03,RBLX,44.39,44.81,42.69,43.68,8856407
2026-06-03,U,30.25,30.5109,28.96,29.22,6350787
2026-06-04,RBLX,44.36,45.05,43.26,43.35,7976400
2026-06-04,U,29.68,30.685,29.15,30.03,7520544
2026-06-05,RBLX,43.255,43.8399,41.07,41.82,9329251
2026-06-05,U,30.95,31.40,28.70,29.17,10816027
2026-06-08,RBLX,41.67,42.88,40.95,42.30,9724472
2026-06-08,U,29.50,29.89,28.74,28.80,6333727
2026-06-09,RBLX,42.07,44.57,41.60,43.00,14585140
2026-06-09,U,28.52,29.65,26.86,28.44,16206411
2026-06-10,RBLX,42.045,43.15,41.405,41.50,9278985
2026-06-10,U,27.00,28.11,26.37,26.66,11440588
2026-06-11,RBLX,41.25,43.60,40.68,43.49,11652733
2026-06-11,U,26.20,26.90,25.77,26.71,7441618
2026-06-12,RBLX,43.63,44.00,41.635,43.31,10504528
2026-06-12,U,26.72,27.605,26.11,27.24,6881171
2026-06-15,RBLX,44.09,45.82,43.56,45.66,9508982
2026-06-15,U,28.00,28.535,27.765,28.49,6369996
2026-06-16,RBLX,45.90,49.655,45.53,49.34,14044275
2026-06-16,U,28.23,28.62,27.7008,28.06,6234913
2026-06-17,RBLX,48.89,50.84,47.61,48.02,13594358
2026-06-17,U,27.92,28.10,26.30,26.47,7125399
2026-06-18,RBLX,48.97,53.02,48.16,51.53,21821977
2026-06-18,U,26.40,27.50,25.57,27.48,9451663
2026-06-22,RBLX,48.20,49.50,46.02,47.27,21752673
2026-06-22,U,27.00,27.63,26.38,27.14,4702431
2026-06-23,RBLX,46.70,49.48,46.28,47.11,12258245
2026-06-23,U,26.77,27.80,26.65,27.61,9196301
2026-06-24,RBLX,47.00,49.54,46.60,47.94,8146392
2026-06-24,U,27.59,28.1788,27.02,27.15,5364685
2026-06-25,RBLX,47.74,47.74,45.15,46.39,9577944
2026-06-25,U,26.86,27.06,25.91,26.71,4574702
2026-06-26,RBLX,45.935,47.69,44.70,47.56,10790334
2026-06-26,U,26.31,28.49,26.31,28.23,8117979
2026-06-29,RBLX,50.90,55.3516,50.79,54.34,16926881
2026-06-29,U,28.74,29.27,28.14,28.31,4972307
2026-06-30,RBLX,54.52,55.99,53.90,54.38,9513901
2026-06-30,U,27.87,28.90,27.80,28.58,5598155
2026-07-01,RBLX,55.46,58.43,55.01,57.95,13709782
2026-07-01,U,29.18,31.21,28.94,30.19,9321285
2026-07-02,RBLX,54.40,56.0499,53.30,55.41,8722262
2026-07-02,U,29.90,30.51,28.64,29.32,7667922
2026-07-06,RBLX,55.11,58.40,54.98,57.03,7864238
2026-07-06,U,28.94,30.24,28.85,29.65,5658665
2026-07-07,RBLX,57.38,58.0949,56.20,56.71,7311045
2026-07-07,U,30.24,30.70,29.33,29.66,6341892
2026-07-08,RBLX,55.84,55.92,53.56,55.12,6157456
2026-07-08,U,28.89,29.49,28.30,29.46,4290382
2026-07-09,RBLX,54.37,56.45,54.37,56.43,6061877
2026-07-09,U,28.82,30.80,28.75,30.73,6324806
2026-07-10,RBLX,57.66,58.10,54.20,55.35,6418254
2026-07-10,U,32.24,33.05,30.77,30.89,13026697
2026-07-13,RBLX,55.53,57.545,55.03,55.03,6296844
2026-07-13,U,31.00,31.10,29.65,30.68,6698353
2026-07-14,RBLX,54.87,55.36,53.89,54.47,5298289
2026-07-14,U,29.93,31.85,29.781,31.75,5596226
2026-07-15,RBLX,56.00,57.225,55.09,57.07,6443578
2026-07-15,U,32.17,32.37,30.86,31.27,7515043
2026-07-16,RBLX,56.91,57.48,53.63,54.01,8761634
2026-07-16,U,31.26,31.785,29.905,30.19,4633055
2026-07-17,RBLX,52.18,52.80,50.56,51.68,7403466
2026-07-17,U,29.02,29.69,28.62,28.99,6244808
2026-07-20,RBLX,52.00,55.42,51.74,53.25,9517047
2026-07-20,U,28.87,30.65,28.795,29.81,6971818
2026-07-21,RBLX,52.82,53.96,52.44,52.50,5351152
2026-07-21,U,29.88,30.675,29.69,29.87,9567589
2026-07-22,RBLX,52.41,52.535,49.61,49.64,5892458
2026-07-22,U,30.08,30.08,28.87,29.27,6870450
2026-07-23,RBLX,48.70,49.00,47.13,47.55,5478820
2026-07-23,U,29.05,29.19,27.83,28.94,7855760
2026-07-24,RBLX,48.162,48.66,47.14,47.55,4720754
2026-07-24,U,29.46,29.53,28.14,28.62,4676396
2026-07-27,RBLX,48.37,48.78,45.76,48.42,8413987
2026-07-27,U,29.52,30.94,29.24,30.44,6932604
2026-07-28,RBLX,48.61,50.69,47.3701,49.50,6622126
2026-07-28,U,30.12,31.87,29.73,31.83,8026570
2026-07-29,RBLX,49.37,51.05,48.60,50.13,6965278
2026-07-29,U,32.105,32.85,31.13,32.04,8145867
2026-07-30,RBLX,49.46,50.92,47.50,48.67,26434179
2026-07-30,U,32.28,33.48,31.705,33.34,8141628
2026-07-31,RBLX,38.88,40.00,33.88,35.60,63121221
2026-07-31,U,32.68,32.84,30.45,31.71,11587845
2026-08-03,RBLX,35.58,37.99,35.03,36.67,25077858
2026-08-03,U,32.575,34.27,32.41,33.38,12846659
2026-08-04,RBLX,36.64,38.28,36.64,37.00,26983558
2026-08-04,U,33.89,35.69,33.49,35.22,15355304
2026-08-05,RBLX,37.45,37.89,35.53,36.19,14982139
2026-08-05,U,36.15,36.5595,35.06,35.47,17457467
2026-08-06,RBLX,35.60,37.085,35.40,36.04,8690569
2026-08-06,U,36.01,41.66,34.80,40.81,41035822
2026-08-07,RBLX,36.79,37.99,36.24,37.79,18477692
2026-08-07,U,42.54,44.38,41.77,43.00,18559608
2026-08-10,RBLX,37.84,39.68,37.04,37.05,14201852
2026-08-10,U,42.74,43.55,42.07,43.10,14606375
2026-08-11,RBLX,36.70,37.455,36.185,36.22,24667877
2026-08-11,U,42.76,43.89,42.10,43.87,11393389
2026-08-12,RBLX,36.30,36.58,35.16,35.54,11282874
2026-08-12,U,43.69,44.57,42.83,44.53,11530756
2026-08-13,RBLX,35.89,38.29,35.41,37.95,11186298
2026-08-13,U,44.615,45.84,44.1028,45.79,12557297
2026-08-14,RBLX,38.49,39.14,37.95,38.23,9555331
2026-08-14,U,45.55,46.39,45.15,46.25,9591112
2026-08-17,RBLX,38.075,38.64,37.43,37.93,10833255
2026-08-17,U,46.21,46.68,45.02,45.45,9970751
2026-08-18,RBLX,37.85,38.78,37.62,37.67,8055679
2026-08-18,U,45.50,47.25,45.21,46.74,11831521
2026-08-19,RBLX,38.06,40.19,37.82,38.69,12906537
2026-08-19,U,46.58,47.70,46.305,47.11,10214834
2026-08-20,RBLX,38.54,39.10,37.20,38.63,11458799
2026-08-20,U,47.25,48.46,45.76,46.54,12191524
2026-08-21,RBLX,38.74,39.375,38.06,38.37,9810112
2026-08-21,U,46.77,46.97,46.00,46.93,7498284
2026-08-24,RBLX,38.56,39.98,38.3301,38.76,8337583
2026-08-24,U,46.76,46.90,45.96,46.16,9377600
2026-08-25,RBLX,38.89,39.95,38.215,39.12,8208357
2026-08-25,U,46.04,46.20,44.7926,44.99,9100875
2026-08-26,RBLX,39.04,39.95,37.405,37.56,11635289
2026-08-26,U,44.28,45.57,44.05,44.38,8951791
2026-08-27,RBLX,37.75,38.595,37.31,38.15,11486437
2026-08-27,U,44.81,45.00,43.24,43.49,11275304
2026-08-28,RBLX,38.50,39.35,37.9804,38.53,7738625
2026-08-28,U,43.02,44.00,42.75,43.31,7637445
2026-08-31,RBLX,38.58,41.58,38.26,41.29,19571184
2026-08-31,U,43.46,43.80,41.60,42.10,12891624
2026-09-01,RBLX,40.80,40.99,39.35,40.67,9240256
2026-09-01,U,41.22,41.99,40.80,40.92,9021780
2026-09-02,RBLX,39.89,41.28,39.3738,41.21,6545865
2026-09-02,U,40.42,41.57,40.22,40.76,7434037
2026-09-03,RBLX,41.75,43.2839,41.2407,41.51,7907231
2026-09-03,U,41.30,43.54,40.995,42.08,10624334
2026-09-04,RBLX,41.45,43.46,41.31,43.31,9982153
2026-09-04,U,41.46,41.84,40.88,41.66,5201191
2026-09-08,RBLX,44.56,45.76,43.18,44.82,13941091
2026-09-08,U,41.50,42.92,40.67,42.75,10239404
2026-09-09,RBLX,44.51,45.05,43.50,44.52,8632888
2026-09-09,U,43.18,43.18,41.80,42.54,7213010
2026-09-10,RBLX,45.09,45.77,44.11,44.88,6488920
2026-09-10,U,41.61,42.70,40.81,42.07,11161356
2026-09-11,RBLX,45.30,46.50,45.19,45.50,6353466
2026-09-11,U,42.01,44.24,41.99,43.96,7920224
2026-09-14,RBLX,47.50,51.30,46.7301,51.29,18634232
2026-09-14,U,44.37,44.62,42.64,43.45,7492072
2026-09-15,RBLX,50.52,51.27,49.90,50.24,8012329
2026-09-15,U,43.01,43.675,42.46,43.01,6766617
2026-09-16,RBLX,50.11,50.3448,47.24,47.43,9083270
2026-09-16,U,42.93,43.40,41.64,42.13,5801291
2026-09-17,RBLX,48.15,48.79,46.85,47.50,6547599
2026-09-17,U,42.50,43.00,41.77,41.84,3965121
2026-09-18,RBLX,47.55,48.14,46.26,47.82,13056445
2026-09-18,U,41.99,42.19,40.79,41.40,14333528
